<?xml version="1.0" encoding="utf-8"?>
<edmx:Edmx Version="1.0" xmlns:edmx="http://schemas.microsoft.com/ado/2007/06/edmx" xmlns:m="http://schemas.microsoft.com/ado/2007/08/dataservices/metadata" xmlns:sap="http://www.sap.com/Protocols/SAPData">
    <edmx:DataServices m:DataServiceVersion="2.0">
        <Schema Namespace="ZODATA_GROBWE_LIST_SRV" xml:lang="en" xmlns="http://schemas.microsoft.com/ado/2008/09/edm">
            <EntityType Name="ZET_GROBWE" sap:content-version="1">
                <Key>
                    <PropertyRef Name="Mandt"/>
                    <PropertyRef Name="Vbeln"/>
                </Key>
                <Property Name="Mandt" Type="Edm.String" Nullable="false" MaxLength="3" sap:label="Client" sap:creatable="false" sap:updatable="false" sap:sortable="false" sap:filterable="false"/>
                <Property Name="Vbeln" Type="Edm.String" Nullable="false" MaxLength="10" sap:label="Delivery" sap:creatable="false" sap:updatable="false"/>
                <Property Name="Lfdat" Type="Edm.DateTime" Precision="7" sap:label="Delivery date" sap:creatable="false" sap:updatable="false"/>
                <Property Name="Lifnr" Type="Edm.String" MaxLength="10" sap:label="Vendor" sap:creatable="false" sap:updatable="false"/>
                <Property Name="Verur" Type="Edm.String" MaxLength="35" sap:label="Original doc." sap:creatable="false" sap:updatable="false"/>
                <Property Name="Lifnrtext" Type="Edm.String" MaxLength="35" sap:label="Name" sap:creatable="false" sap:updatable="false" sap:filterable="false"/>
                <Property Name="Status" Type="Edm.String" MaxLength="35" sap:label="Status" sap:creatable="false" sap:updatable="false" sap:filterable="false"/>
                <NavigationProperty Name="header_to_item" Relationship="ZODATA_GROBWE_LIST_SRV.GROBWE_TO_ARTICLES" FromRole="FromRole_GROBWE_TO_ARTICLES" ToRole="ToRole_GROBWE_TO_ARTICLES"/>
            </EntityType>
            <EntityType Name="ZET_GROBWE_ARTICLE" sap:content-version="1">
                <Key>
                    <PropertyRef Name="Vbeln"/>
                    <PropertyRef Name="Mandt"/>
                    <PropertyRef Name="Matnr"/>
                </Key>
                <Property Name="Lfimg" Type="Edm.Decimal" Precision="13" Scale="3" sap:label="Delivered Quantity" sap:creatable="false"/>
                <Property Name="Vgbel" Type="Edm.String" MaxLength="10" sap:label="Document Number" sap:creatable="false" sap:updatable="false"/>
                <Property Name="Vbeln" Type="Edm.String" Nullable="false" MaxLength="10" sap:label="Delivery" sap:creatable="false" sap:updatable="false" sap:sortable="false" sap:filterable="false"/>
                <Property Name="Vrkme" Type="Edm.String" MaxLength="3" sap:label="Sales unit" sap:creatable="false" sap:updatable="false" sap:semantics="unit-of-measure"/>
                <Property Name="Maktx" Type="Edm.String" MaxLength="40" sap:label="Material Text" sap:creatable="false" sap:updatable="false"/>
                <Property Name="Mandt" Type="Edm.String" Nullable="false" MaxLength="3" sap:label="Client" sap:creatable="false" sap:updatable="false" sap:sortable="false" sap:filterable="false"/>
                <Property Name="Matnr" Type="Edm.String" Nullable="false" MaxLength="18" sap:label="Material No." sap:creatable="false" sap:updatable="false"/>
                <Property Name="Aedat" Type="Edm.String" Nullable="false" MaxLength="18" sap:label="Datum" sap:creatable="false" sap:updatable="false"/>
            </EntityType>
            <Association Name="GROBWE_TO_ARTICLES" sap:content-version="1">
                <End Type="ZODATA_GROBWE_LIST_SRV.ZET_GROBWE" Multiplicity="1" Role="FromRole_GROBWE_TO_ARTICLES"/>
                <End Type="ZODATA_GROBWE_LIST_SRV.ZET_GROBWE_ARTICLE" Multiplicity="*" Role="ToRole_GROBWE_TO_ARTICLES"/>
                <ReferentialConstraint>
                    <Principal Role="FromRole_GROBWE_TO_ARTICLES">
                        <PropertyRef Name="Vbeln"/>
                        <PropertyRef Name="Mandt"/>
                    </Principal>
                    <Dependent Role="ToRole_GROBWE_TO_ARTICLES">
                        <PropertyRef Name="Vbeln"/>
                        <PropertyRef Name="Mandt"/>
                    </Dependent>
                </ReferentialConstraint>
            </Association>
            <EntityContainer Name="ZODATA_GROBWE_LIST_SRV_Entities" m:IsDefaultEntityContainer="true">
                <EntitySet Name="ZET_GROBWESet" EntityType="ZODATA_GROBWE_LIST_SRV.ZET_GROBWE" sap:creatable="false" sap:updatable="false" sap:deletable="false" sap:pageable="false" sap:content-version="1"/>
                <EntitySet Name="ZET_GROBWE_ARTICELSet" EntityType="ZODATA_GROBWE_LIST_SRV.ZET_GROBWE_ARTICLE" sap:creatable="false" sap:updatable="false" sap:deletable="false" sap:pageable="false" sap:content-version="1"/>
                <AssociationSet Name="GROBWE_TO_ARTICLESSet" Association="ZODATA_GROBWE_LIST_SRV.GROBWE_TO_ARTICLES" sap:creatable="false" sap:updatable="false" sap:deletable="false" sap:content-version="1">
                    <End EntitySet="ZET_GROBWESet" Role="FromRole_GROBWE_TO_ARTICLES"/>
                    <End EntitySet="ZET_GROBWE_ARTICELSet" Role="ToRole_GROBWE_TO_ARTICLES"/>
                </AssociationSet>
            </EntityContainer>
            <atom:link rel="self" href="http://sapre1.aldi-nord.com:8000/sap/opu/odata/sap/ZODATA_GROBWE_LIST_SRV/$metadata" xmlns:atom="http://www.w3.org/2005/Atom"/>
            <atom:link rel="latest-version" href="http://sapre1.aldi-nord.com:8000/sap/opu/odata/sap/ZODATA_GROBWE_LIST_SRV/$metadata" xmlns:atom="http://www.w3.org/2005/Atom"/>
        </Schema>
    </edmx:DataServices>
</edmx:Edmx>